Step,Percentile,AUROC,Precision,Recall,F1 score,Random Seed
7437,1.8356541550159455,0.9541970634407609,0.6640625,0.9340659340659341,0.776255707762557,0.7666666666666667,0.9340659340659341,0.6386554621848739,652016
7437,1.8601081371307373,0.9541970634407609,0.6746031746031746,0.9340659340659341,0.7834101382488479,0.7761904761904762,0.9340659340659341,0.6554621848739496,652016
7437,1.874203931093216,0.9541970634407609,0.6854838709677419,0.9340659340659341,0.7906976744186046,0.7857142857142857,0.9340659340659341,0.6722689075630253,652016
7437,1.892797827720642,0.9541970634407609,0.6967213114754098,0.9340659340659341,0.7981220657276995,0.7952380952380952,0.9340659340659341,0.6890756302521008,652016
7437,1.952508407831192,0.9541970634407609,0.7083333333333334,0.9340659340659341,0.8056872037914693,0.8047619047619048,0.9340659340659341,0.7058823529411765,652016
7437,1.9660240745544433,0.9541970634407609,0.7203389830508474,0.9340659340659341,0.8133971291866028,0.8142857142857143,0.9340659340659341,0.7226890756302521,652016
7437,1.980088233947754,0.9541970634407609,0.7391304347826086,0.9340659340659341,0.8252427184466019,0.8285714285714286,0.9340659340659341,0.7478991596638656,652016
7437,2.0139778327941893,0.9541970634407609,0.7522123893805309,0.9340659340659341,0.8333333333333334,0.8380952380952381,0.9340659340659341,0.7647058823529411,652016
