Step,Percentile,AUROC,Precision,Recall,F1 score,Random Seed
7437,0.9672189873456956,0.43198817988733956,0.3671875,0.5164835164835165,0.4292237442922375,0.40476190476190477,0.5164835164835165,0.31932773109243695,652016
7437,0.967358136177063,0.43198817988733956,0.373015873015873,0.5164835164835165,0.43317972350230416,0.4142857142857143,0.5164835164835165,0.33613445378151263,652016
7437,0.9674289244413377,0.43198817988733956,0.3790322580645161,0.5164835164835165,0.4372093023255814,0.4238095238095238,0.5164835164835165,0.35294117647058826,652016
7437,0.9674627077579497,0.43198817988733956,0.38524590163934425,0.5164835164835165,0.44131455399061037,0.43333333333333335,0.5164835164835165,0.3697478991596639,652016
7437,0.9675235736370086,0.43198817988733956,0.39166666666666666,0.5164835164835165,0.44549763033175355,0.44285714285714284,0.5164835164835165,0.3865546218487395,652016
7437,0.9675668478012085,0.43198817988733956,0.3898305084745763,0.5054945054945055,0.4401913875598086,0.44285714285714284,0.5054945054945055,0.3949579831932773,652016
7437,0.9676211655139924,0.43198817988733956,0.3826086956521739,0.4835164835164835,0.42718446601941745,0.4380952380952381,0.4835164835164835,0.40336134453781514,652016
7437,0.9676478600502014,0.43198817988733956,0.3893805309734513,0.4835164835164835,0.4313725490196078,0.44761904761904764,0.4835164835164835,0.42016806722689076,652016
