Step,Percentile,AUROC,Precision,Recall,F1 score,Random Seed
3819,0.4873159468173981,0.9742358481854281,0.7222222222222222,1.0,0.8387096774193548,0.8333333333333334,1.0,0.7058823529411765,652016
3819,0.4953886318206787,0.9742358481854281,0.7377049180327869,0.989010989010989,0.8450704225352113,0.8428571428571429,0.989010989010989,0.7310924369747899,652016
3819,0.49814114809036253,0.9742358481854281,0.7627118644067796,0.989010989010989,0.8612440191387559,0.861904761904762,0.989010989010989,0.7647058823529411,652016
3819,0.5095762097835541,0.9742358481854281,0.7876106194690266,0.978021978021978,0.8725490196078431,0.8761904761904762,0.978021978021978,0.7983193277310925,652016
3819,0.5216796326637267,0.9742358481854281,0.8073394495412844,0.967032967032967,0.8799999999999999,0.8857142857142857,0.967032967032967,0.8235294117647058,652016
3819,0.5426999628543854,0.9742358481854281,0.8285714285714286,0.9560439560439561,0.8877551020408164,0.8952380952380953,0.9560439560439561,0.8487394957983193,652016
3819,0.5660238265991211,0.9742358481854281,0.8316831683168316,0.9230769230769231,0.8749999999999999,0.8857142857142857,0.9230769230769231,0.8571428571428571,652016
3819,0.6104543852806091,0.9742358481854281,0.845360824742268,0.9010989010989011,0.8723404255319148,0.8857142857142857,0.9010989010989011,0.8739495798319328,652016
3819,0.6264478349685669,0.9742358481854281,0.8913043478260869,0.9010989010989011,0.8961748633879782,0.9095238095238095,0.9010989010989011,0.9159663865546218,652016
