Step,Percentile,AUROC,Precision,Recall,F1 score,Random Seed
3819,2.146440601348877,0.9850401699141195,0.7222222222222222,1.0,0.8387096774193548,0.8333333333333334,1.0,0.7058823529411765,652016
3819,2.1975813817977907,0.9850401699141195,0.7459016393442623,1.0,0.8544600938967136,0.8523809523809524,1.0,0.7394957983193278,652016
3819,2.2524924087524414,0.9850401699141195,0.7711864406779662,1.0,0.8708133971291866,0.8714285714285714,1.0,0.773109243697479,652016
3819,2.278538761138916,0.9850401699141195,0.8053097345132744,1.0,0.892156862745098,0.8952380952380953,1.0,0.8151260504201681,652016
3819,2.3119590568542483,0.9850401699141195,0.8348623853211009,1.0,0.9099999999999999,0.9142857142857143,1.0,0.8487394957983193,652016
3819,2.3737131357192993,0.9850401699141195,0.8571428571428571,0.989010989010989,0.9183673469387754,0.9238095238095239,0.989010989010989,0.8739495798319328,652016
3819,2.517612457275391,0.9850401699141195,0.8811881188118812,0.978021978021978,0.9270833333333333,0.9333333333333333,0.978021978021978,0.8991596638655462,652016
3819,2.573934645652771,0.9850401699141195,0.8865979381443299,0.945054945054945,0.9148936170212766,0.9238095238095239,0.945054945054945,0.907563025210084,652016
3819,2.6429465293884276,0.9850401699141195,0.9347826086956522,0.945054945054945,0.9398907103825138,0.9476190476190476,0.945054945054945,0.9495798319327731,652016
