Step,Percentile,AUROC,Precision,Recall,F1 score,Random Seed
7437,0.4547959324717522,0.9396989565056791,0.65625,0.9230769230769231,0.767123287671233,0.7571428571428571,0.9230769230769231,0.6302521008403361,652016
7437,0.45827927589416506,0.9396989565056791,0.6666666666666666,0.9230769230769231,0.7741935483870968,0.7666666666666667,0.9230769230769231,0.6470588235294118,652016
7437,0.460797566473484,0.9396989565056791,0.6774193548387096,0.9230769230769231,0.7813953488372093,0.7761904761904762,0.9230769230769231,0.6638655462184874,652016
7437,0.46252132415771485,0.9396989565056791,0.6885245901639344,0.9230769230769231,0.7887323943661971,0.7857142857142857,0.9230769230769231,0.680672268907563,652016
7437,0.4656874451041222,0.9396989565056791,0.7,0.9230769230769231,0.7962085308056872,0.7952380952380952,0.9230769230769231,0.6974789915966386,652016
7437,0.47042136430740356,0.9396989565056791,0.711864406779661,0.9230769230769231,0.8038277511961721,0.8047619047619048,0.9230769230769231,0.7142857142857143,652016
7437,0.47706400901079177,0.9396989565056791,0.7304347826086957,0.9230769230769231,0.8155339805825244,0.819047619047619,0.9230769230769231,0.7394957983193278,652016
7437,0.48042730093002317,0.9396989565056791,0.7433628318584071,0.9230769230769231,0.8235294117647058,0.8285714285714286,0.9230769230769231,0.7563025210084033,652016
