Step,Percentile,AUROC,Precision,Recall,F1 score,Random Seed
6231,2.12982488155365,0.989,0.819672131147541,1.0,0.9009009009009009,0.89,1.0,0.78,652016
6231,2.178982067108154,0.989,0.8333333333333334,1.0,0.9090909090909091,0.9,1.0,0.8,652016
6231,2.216716554164886,0.989,0.847457627118644,1.0,0.9174311926605504,0.91,1.0,0.82,652016
6231,2.2325762844085695,0.989,0.8620689655172413,1.0,0.9259259259259259,0.92,1.0,0.84,652016
6231,2.2512474203109742,0.989,0.8771929824561403,1.0,0.9345794392523363,0.93,1.0,0.86,652016
6231,2.3041613388061526,0.989,0.8839285714285714,0.99,0.9339622641509434,0.93,0.99,0.87,652016
6231,2.3881797313690187,0.989,0.9,0.99,0.9428571428571428,0.94,0.99,0.89,652016
6231,2.408650002479553,0.989,0.9166666666666666,0.99,0.9519230769230769,0.95,0.99,0.91,652016
