Step,Percentile,AUROC,Precision,Recall,F1 score,Random Seed
3819,0.9668923616409302,0.45156524148120786,0.35714285714285715,0.4945054945054945,0.4147465437788018,0.3952380952380952,0.4945054945054945,0.31932773109243695,652016
3819,0.9669219350814819,0.45156524148120786,0.36065573770491804,0.4835164835164835,0.4131455399061033,0.40476190476190477,0.4835164835164835,0.3445378151260504,652016
3819,0.9669530344009399,0.45156524148120786,0.3559322033898305,0.46153846153846156,0.40191387559808606,0.40476190476190477,0.46153846153846156,0.36134453781512604,652016
3819,0.9670200228691102,0.45156524148120786,0.37168141592920356,0.46153846153846156,0.4117647058823529,0.42857142857142855,0.46153846153846156,0.40336134453781514,652016
3819,0.9672237205505372,0.45156524148120786,0.3669724770642202,0.43956043956043955,0.39999999999999997,0.42857142857142855,0.43956043956043955,0.42016806722689076,652016
3819,0.9673246443271637,0.45156524148120786,0.3619047619047619,0.4175824175824176,0.3877551020408163,0.42857142857142855,0.4175824175824176,0.4369747899159664,652016
3819,0.9674244403839112,0.45156524148120786,0.3564356435643564,0.3956043956043956,0.37499999999999994,0.42857142857142855,0.3956043956043956,0.453781512605042,652016
3819,0.9675025999546051,0.45156524148120786,0.36082474226804123,0.38461538461538464,0.3723404255319149,0.4380952380952381,0.38461538461538464,0.4789915966386555,652016
3819,0.9675653505325317,0.45156524148120786,0.3804347826086957,0.38461538461538464,0.3825136612021858,0.46190476190476193,0.38461538461538464,0.5210084033613446,652016
