Step,Percentile,AUROC,Precision,Recall,F1 score,Random Seed
7437,1.1826744377613068,0.9372979961215255,0.65625,0.9230769230769231,0.767123287671233,0.7571428571428571,0.9230769230769231,0.6302521008403361,652016
7437,1.188326120376587,0.9372979961215255,0.6587301587301587,0.9120879120879121,0.7649769585253456,0.7571428571428571,0.9120879120879121,0.6386554621848739,652016
7437,1.1995147883892059,0.9372979961215255,0.6693548387096774,0.9120879120879121,0.772093023255814,0.7666666666666667,0.9120879120879121,0.6554621848739496,652016
7437,1.205426528453827,0.9372979961215255,0.6721311475409836,0.9010989010989011,0.7699530516431925,0.7666666666666667,0.9010989010989011,0.6638655462184874,652016
7437,1.216255592107773,0.9372979961215255,0.6833333333333333,0.9010989010989011,0.7772511848341231,0.7761904761904762,0.9010989010989011,0.680672268907563,652016
7437,1.2266716527938843,0.9372979961215255,0.6949152542372882,0.9010989010989011,0.7846889952153111,0.7857142857142857,0.9010989010989011,0.6974789915966386,652016
7437,1.2417716026306151,0.9372979961215255,0.7043478260869566,0.8901098901098901,0.7864077669902914,0.7904761904761904,0.8901098901098901,0.7142857142857143,652016
7437,1.2439059877395628,0.9372979961215255,0.7168141592920354,0.8901098901098901,0.7941176470588236,0.8,0.8901098901098901,0.7310924369747899,652016
